config,time_s
1x_2D_T2,0.11921208000421757
1x_3D_T,0.23821251899789786
3x_3D_shared_geo,0.40656380300060846
4x_3D_shared_wind_geo,0.518531362999056
all_3D,1.2100270570008433
all_3D_bbox,0.5379490409977734
