config,time_s
1x_2D_T2,0.11938445099804085
1x_3D_T,0.23781575499742758
3x_3D_shared_geo,0.384742752998136
4x_3D_shared_wind_geo,0.4291187760027242
all_3D,1.0036039190017618
all_3D_bbox,0.366898319000029
