config,time_s
1x_2D_T2,0.12049539700092282
1x_3D_T,0.24069195399351884
3x_3D_shared_geo,0.38408965700364206
4x_3D_shared_wind_geo,0.4415503339987481
all_3D,1.0428775759937707
all_3D_bbox,0.37790202800533734
